,www.googledrive.com,www.googledrive.com
,www.googledrive.com,www.googledrive.com
,www.googledrive.com,www.googledrive.com
,www.googledrive.com,www.googledrive.com
,www.googledrive.com,www.googledrive.com
,www.googledrive.com,www.googledrive.com
,www.googledrive.com,www.googledrive.com
,www.googledrive.com,www.googledrive.com
,www.googledrive.com,www.googledrive.com
,www.googledrive.com,www.googledrive.com
,www.googledrive.com,www.googledrive.com
,www.googledrive.com,www.googledrive.com
,www.googledrive.com,www.googledrive.com
,www.googledrive.com,www.googledrive.com
,www.googledrive.com,www.googledrive.com
,www.googledrive.com,www.googledrive.com
,www.googledrive.com,www.googledrive.com
,www.googledrive.com,www.googledrive.com
,www.googledrive.com,www.googledrive.com